{"RuleTriggered": 0, "Violations": 0, "Details": {"pin_memory": false, "num_workers": 0, "cores": 36, "dataloaders": 1, "dataloading_time": {"p25": 0.02276325, "p50": 0.0234025, "p95": 0.0239273, "probs": [1, 0, 0, 0, 0, 0, 0, 0, 0, 0, 0, 0, 0, 0, 0, 0, 0, 0, 0, 0, 0, 0, 0, 0, 0, 0, 0, 0, 0, 0, 0, 0, 0, 0, 0, 0, 0, 0, 0, 0, 0, 0, 0, 0, 0, 0, 0, 0, 0, 0, 0, 0, 0, 0, 0, 0, 0, 0, 0, 0, 0, 0, 0, 0, 0, 0, 0, 0, 0, 0, 0, 0, 0, 0, 0, 0, 0, 0, 0, 0, 0, 0, 0, 0, 0, 0, 0, 0, 0, 1, 0, 1, 0, 0, 1, 1, 0, 3, 1, 1], "binedges": [0.007004, 0.0071743399999999995, 0.00734468, 0.00751502, 0.00768536, 0.0078557, 0.00802604, 0.00819638, 0.00836672, 0.008537059999999999, 0.0087074, 0.00887774, 0.00904808, 0.00921842, 0.00938876, 0.0095591, 0.009729439999999999, 0.00989978, 0.01007012, 0.01024046, 0.0104108, 0.01058114, 0.01075148, 0.010921819999999999, 0.01109216, 0.0112625, 0.01143284, 0.01160318, 0.011773519999999999, 0.01194386, 0.012114199999999999, 0.01228454, 0.01245488, 0.01262522, 0.012795560000000001, 0.012965899999999999, 0.01313624, 0.01330658, 0.01347692, 0.01364726, 0.0138176, 0.01398794, 0.014158279999999999, 0.01432862, 0.01449896, 0.0146693, 0.01483964, 0.01500998, 0.01518032, 0.01535066, 0.015521, 0.015691339999999998, 0.01586168, 0.01603202, 0.01620236, 0.0163727, 0.016543040000000002, 0.01671338, 0.016883719999999998, 0.01705406, 0.0172244, 0.01739474, 0.01756508, 0.017735420000000002, 0.01790576, 0.018076099999999998, 0.01824644, 0.01841678, 0.01858712, 0.01875746, 0.0189278, 0.01909814, 0.019268479999999998, 0.01943882, 0.01960916, 0.0197795, 0.01994984, 0.02012018, 0.02029052, 0.020460859999999997, 0.0206312, 0.02080154, 0.02097188, 0.02114222, 0.02131256, 0.0214829, 0.021653239999999997, 0.021823580000000002, 0.02199392, 0.022164259999999998, 0.0223346, 0.02250494, 0.02267528, 0.02284562, 0.02301596, 0.0231863, 0.02335664, 0.02352698, 0.02369732, 0.02386766, 0.024038]}}, "Datapoints": 10, "RuleParameters": "min_threshold:70\nmax_threshold:200"}