{"RuleTriggered": 0, "Violations": 0, "Details": {"step_num": {"first": 1692749672743098, "last": 1692751902135867}, "job_start": 1692749580.000633, "job_end": 1692751919.500925}, "Datapoints": 87, "RuleParameters": "threshold:20"}