{"RuleTriggered": 0, "Violations": 0, "Details": {"ratio": {"cpu_functions": 100.0}, "phase": {"Step:ModeKeys.GLOBAL": 95.73290942996961, "others": 4.2670905700303825}, "phase_time": {}, "general": {"DataLoaderIterInitialize": 0.006571907804340525, "Forward": 99.98456405370402, "DataLoaderIter": 0.008864038491647913}, "CPU": {"dropout": 3.64880880561391, "matmul": 10.26562428032248, "mm": 25.889973545603244, "NativeLayerNormBackward": 7.305704810526315, "native_layer_norm_backward": 7.303993427397402, "MmBackward": 17.0014660164019, "GeluBackward": 14.292416858918422, "gelu_backward": 14.292012255216328}, "CPU_total": {"dropout": 10479182, "matmul": 29482319, "mm": 74354607, "NativeLayerNormBackward": 20981590, "native_layer_norm_backward": 20976675, "MmBackward": 48827293, "GeluBackward": 41047050, "gelu_backward": 41045888}}, "Datapoints": 0, "RuleParameters": ""}